name,station_number,elevation,easting_original,northing_original,easting,northing
 562_1542,1001,2189.762,2701761.539,1173042.18,561.5389999998733,1542.1799999999348
 590_1542,1002,2198.227,2701789.786,1173041.596,589.7859999998473,1541.5959999999031
 620_1544,1003,2201.818,2701819.85,1173044.3,619.8500000000931,1544.3000000000466
 648_1543,1004,2206.083,2701848.098,1173043.398,648.098000000231,1543.3980000000447
 677_1544,1005,2213.498,2701877.185,1173043.648,677.1850000000559,1543.6480000000447
 933_1548,1006,2289.763,2702132.828,1173048.208,932.8280000002123,1548.2080000001006
 960_1546,1007,2290.561,2702159.597,1173045.696,959.597000000067,1545.6959999999963
 988_1551,1008,2296.796,2702188.063,1173050.996,988.063000000082,1550.9960000000428
1017_1546,1009,2289.825,2702217.224,1173046.257,1017.2239999999292,1546.2569999999832
1047_1547,1010,2281.771,2702247.135,1173047.477,1047.1349999997765,1547.4769999999553
1075_1550,1011,2279.918,2702274.999,1173050.415,1074.998999999836,1550.4150000000373
1104_1550,1012,2279.502,2702303.529,1173049.76,1103.5290000000969,1549.7600000000093
1132_1550,1013,2279.129,2702331.801,1173050.406,1131.8009999999776,1550.405999999959
1161_1550,1014,2284.35,2702361.127,1173050.469,1161.1269999998622,1550.469000000041
1192_1549,1015,2291.41,2702392.389,1173048.904,1192.3889999999665,1548.9040000000969
1218_1552,1016,2298.746,2702418.393,1173051.633,1218.3930000001565,1551.6329999999143
1247_1552,1017,2300.265,2702447.135,1173052.201,1247.1349999997765,1552.2009999998845
1276_1553,1018,2295.195,2702475.624,1173052.822,1275.623999999836,1552.8219999999274
1304_1553,1019,2293.301,2702504.455,1173052.89,1304.4550000000745,1552.8899999998976
1329_1553,1020,2292.931,2702529.287,1173053.408,1329.2870000000112,1553.408000000054
1392_1552,1022,2300.786,2702591.631,1173052.103,1391.6310000000522,1552.1029999998864
1418_1555,1023,2313.578,2702618.314,1173054.825,1418.3139999997802,1554.8249999999534
1447_1556,1024,2321.54,2702647.485,1173055.56,1447.4849999998696,1555.5600000000559
1477_1556,1025,2331.243,2702676.713,1173055.781,1476.7129999999888,1555.780999999959
1504_1557,1026,2339.609,2702704.064,1173056.756,1504.0639999997802,1556.7560000000522
1533_1557,1027,2345.612,2702732.955,1173056.663,1532.9550000000745,1556.6629999999423
 576_1518,1028,2186.95,2701775.58,1173018.041,575.5800000000745,1518.0409999999683
 605_1518,1029,2196.048,2701804.803,1173018.45,604.8029999998398,1518.4499999999534
 633_1519,1030,2202.517,2701832.832,1173019.105,632.8319999999367,1519.1049999999814
 662_1520,1031,2209.372,2701861.637,1173019.668,661.6370000001043,1519.6680000000633
 690_1520,1032,2211.208,2701889.888,1173019.636,689.8879999998026,1519.6359999999404
 948_1524,1033,2276.525,2702147.856,1173024.428,947.8560000001453,1524.4280000000726
 977_1521,1034,2278.178,2702176.838,1173020.804,976.8379999999888,1520.8040000000037
1004_1525,1035,2279.83,2702204.105,1173024.62,1004.1049999999814,1524.6200000001118
1033_1526,1036,2276.307,2702232.761,1173026.178,1032.7609999999404,1526.1780000000726
1062_1527,1037,2271.566,2702261.516,1173026.817,1061.5159999998286,1526.8170000000391
1090_1527,1038,2270.54,2702289.662,1173026.552,1089.6620000000112,1526.5519999999087
1119_1527,1039,2271.716,2702319.282,1173026.679,1119.282000000123,1526.6790000000037
1148_1529,1040,2274.812,2702347.764,1173028.545,1147.7639999999665,1528.5449999999255
1176_1528,1041,2283.015,2702375.504,1173027.988,1175.50400000019,1527.9879999998957
1204_1528,1042,2287.233,2702403.828,1173028.489,1203.8280000002123,1528.4890000000596
1234_1529,1043,2287.036,2702433.919,1173029.191,1233.9190000002272,1529.191000000108
1262_1529,1044,2283.344,2702462.215,1173029.215,1262.214999999851,1529.2150000000838
1290_1530,1045,2285.774,2702490.081,1173030.244,1290.0809999997728,1530.2439999999478
1319_1528,1046,2288.319,2702518.512,1173028.183,1318.5120000001043,1528.1829999999609
1348_1530,1047,2287.314,2702547.744,1173030.13,1347.7439999999478,1530.1299999998882
1376_1530,1048,2289.937,2702575.602,1173030.039,1375.6019999999553,1530.0390000001062
1404_1532,1049,2298.304,2702603.709,1173031.83,1403.7089999997988,1531.8300000000745
1434_1532,1050,2308.179,2702633.788,1173032.386,1433.788000000175,1532.3859999999404
1461_1534,1051,2313.933,2702660.55,1173033.544,1460.5499999998137,1533.5439999999944
1490_1532,1052,2319.833,2702690.333,1173031.946,1490.3330000001006,1531.9459999999963
1516_1535,1053,2327.681,2702716.368,1173035.477,1516.367999999784,1535.4769999999553
1547_1534,1054,2331.339,2702746.981,1173034.039,1546.9810000001453,1534.0390000001062
 593_1495,1056,2176.517,2701792.844,1172995.407,592.844000000041,1495.40699999989
 621_1495,1057,2186.636,2701821.131,1172995.435,621.1310000000522,1495.4350000000559
 651_1495,1058,2196.074,2701850.796,1172994.541,650.7960000000894,1494.5409999999683
 678_1495,1059,2203.94,2701878.094,1172995.482,678.094000000041,1495.4820000000764
 706_1496,1060,2210.473,2701906.483,1172996.312,706.4830000000075,1496.311999999918
 735_1497,1061,2218.596,2701934.903,1172997.163,734.902999999933,1497.1629999999423
 764_1497,1062,2221.055,2701963.665,1172997.413,763.6650000000373,1497.4129999999423
 792_1497,1063,2227.096,2701992.153,1172997.4,792.152999999933,1497.3999999999069
 821_1498,1064,2231.461,2702020.738,1172997.679,820.7379999998957,1497.6790000000037
 849_1498,1065,2237.062,2702048.591,1172998.35,848.5910000000149,1498.3500000000931
 878_1499,1066,2246.22,2702078.252,1172999.125,878.2519999998622,1499.125
 907_1499,1067,2251.87,2702106.671,1172999.46,906.6710000000894,1499.4599999999627
 935_1500,1068,2261.959,2702135.278,1173000.112,935.277999999933,1500.1119999999646
 964_1501,1069,2268.153,2702163.518,1173001.059,963.5180000001565,1501.058999999892
 992_1501,1070,2269.387,2702192.455,1173000.887,992.4550000000745,1500.8870000001043
1021_1501,1071,2269.331,2702221.091,1173001.428,1021.0910000000149,1501.4280000000726
1049_1503,1072,2266.839,2702249.402,1173003.26,1049.401999999769,1503.2600000000093
1077_1503,1073,2263.03,2702277.333,1173002.578,1077.3330000001006,1502.5779999999795
1107_1502,1074,2266.937,2702306.599,1173002.337,1106.5989999999292,1502.3370000000577
1135_1503,1075,2271.694,2702335.157,1173003.108,1135.157000000123,1503.1080000000075
1163_1506,1076,2277.049,2702363.068,1173005.711,1163.0679999999702,1505.7109999998938
1192_1504,1077,2282.459,2702392.125,1173004.404,1192.125,1504.4040000000969
1221_1505,1078,2279.155,2702421.106,1173004.689,1221.1060000001453,1504.689000000013
1250_1504,1079,2278.98,2702449.588,1173004.126,1249.5879999999888,1504.125999999931
1278_1505,1080,2281.001,2702477.992,1173004.951,1277.9920000000857,1504.9509999998845
1307_1506,1081,2280.926,2702506.666,1173005.622,1306.6660000002012,1505.621999999974
1335_1506,1082,2281.292,2702535.057,1173005.728,1335.0570000000298,1505.7279999998864
1364_1508,1083,2283.704,2702563.753,1173007.619,1363.753000000026,1507.6189999999478
1392_1508,1084,2287.073,2702592.461,1173007.673,1392.4610000001267,1507.6729999999516
1421_1508,1085,2297.984,2702621.17,1173007.938,1421.1699999999255,1507.938000000082
1449_1510,1086,2301.881,2702649.356,1173010.16,1449.3560000001453,1510.1599999999162
1478_1509,1087,2308.726,2702677.506,1173008.872,1477.5060000000522,1508.871999999974
1506_1508,1088,2313.862,2702705.952,1173008.306,1505.9520000000484,1508.3060000000987
1534_1510,1089,2320.521,2702734.218,1173009.578,1534.217999999877,1509.5779999999795
 577_1469,1090,2156.835,2701776.593,1172969.199,576.5929999998771,1469.1990000000224
 606_1469,1091,2167.381,2701805.601,1172969.058,605.6009999997914,1469.0579999999609
 635_1470,1092,2179.091,2701834.623,1172969.584,634.6230000001378,1469.5840000000317
 662_1471,1093,2190.915,2701862.191,1172970.694,662.191000000108,1470.6939999999013
 691_1471,1094,2200.381,2701890.76,1172970.653,690.7599999997765,1470.652999999933
 719_1472,1095,2210.454,2701919.436,1172972.046,719.4360000002198,1472.0460000000894
 748_1472,1096,2217.594,2701948.023,1172972.108,748.0230000000447,1472.1080000000075
 776_1472,1097,2220.145,2701975.914,1172972.347,775.9139999998733,1472.347000000067
 805_1473,1098,2223.42,2702004.685,1172972.999,804.6850000000559,1472.999000000069
 834_1474,1099,2229.537,2702034.111,1172974.252,834.1110000000335,1474.252000000095
 862_1474,1100,2233.828,2702062.208,1172973.93,862.2080000001006,1473.9299999999348
 890_1475,1101,2239.544,2702090.496,1172974.619,890.49599999981,1474.6189999999478
 919_1475,1102,2244.742,2702118.502,1172974.975,918.5019999998622,1474.9750000000931
 948_1476,1103,2253.643,2702148.011,1172975.541,948.0109999999404,1475.5409999999683
 976_1476,1104,2260.204,2702176.427,1172975.985,976.4270000001416,1475.9850000001024
1005_1477,1105,2259.383,2702204.959,1172977.02,1004.9589999997988,1477.0200000000186
1033_1477,1106,2259.458,2702233.457,1172976.956,1033.4569999999367,1476.9560000000056
1063_1478,1107,2263.336,2702262.547,1172977.792,1062.5469999997877,1477.7919999998994
1091_1478,1108,2267.662,2702290.804,1172977.88,1090.8040000000037,1477.8799999998882
1119_1479,1109,2270.171,2702318.958,1172979.236,1118.9580000001006,1479.2360000000335
1148_1479,1110,2272.962,2702347.995,1172979.346,1147.9950000001118,1479.3459999999031
1176_1480,1111,2271.336,2702376.102,1172980.109,1176.1019999999553,1480.1089999999385
1205_1480,1112,2268.907,2702404.697,1172979.752,1204.6970000001602,1479.752000000095
1233_1481,1113,2265.686,2702432.998,1172980.994,1232.9980000001378,1480.9939999999478
1262_1482,1114,2269.957,2702461.98,1172981.593,1261.9799999999814,1481.59300000011
1290_1482,1115,2272.324,2702490.279,1172982.034,1290.2790000000969,1482.033999999985
1319_1482,1116,2273.848,2702518.722,1172982.347,1318.722000000067,1482.347000000067
1348_1483,1117,2274.895,2702547.952,1172982.949,1347.9520000000484,1482.9490000000224
1376_1484,1118,2276.501,2702576.329,1172984.145,1376.3289999999106,1484.1450000000186
1406_1484,1119,2278.995,2702605.583,1172983.735,1405.5830000001006,1483.7350000001024
1433_1484,1120,2289.722,2702633.204,1172984.083,1433.2039999999106,1484.0830000001006
1462_1484,1121,2297.4,2702662.296,1172984.374,1462.2960000000894,1484.374000000069
1491_1486,1122,2305.044,2702690.784,1172985.535,1490.783999999985,1485.5349999999162
1519_1486,1123,2309.922,2702719.181,1172985.557,1519.180999999866,1485.5570000000298
1548_1486,1124,2312.628,2702747.808,1172985.852,1547.8080000001937,1485.8519999999553
 569_1452,1125,2142.342,2701769.096,1172951.99,569.0959999999031,1451.9899999999907
 592_1445,1126,2159.6,2701791.992,1172945.313,591.9920000000857,1445.313000000082
 621_1446,1127,2171.406,2701820.598,1172946.136,620.598000000231,1446.1359999999404
 649_1446,1128,2176.583,2701848.729,1172946.275,648.7289999998175,1446.2749999999069
 678_1446,1129,2186.178,2701877.711,1172946.403,677.7110000001267,1446.402999999933
 706_1447,1130,2197.149,2701905.86,1172947.343,705.8599999998696,1447.34300000011
 735_1448,1131,2206.519,2701935.011,1172948.201,735.0109999999404,1448.2009999998845
 764_1449,1132,2215.808,2701963.847,1172948.786,763.847000000067,1448.78600000008
 792_1449,1133,2220.385,2701992.263,1172949.239,792.2629999998026,1449.2390000000596
 821_1450,1134,2224.118,2702020.817,1172950.006,820.8169999998063,1450.0060000000522
 849_1451,1135,2224.43,2702049.183,1172950.636,849.1830000001937,1450.6359999999404
 879_1452,1136,2231.712,2702078.851,1172951.686,878.8509999997914,1451.685999999987
 906_1452,1137,2236.233,2702106.284,1172951.887,906.2839999999851,1451.8870000001043
 934_1453,1138,2244.23,2702134.394,1172952.531,934.3939999998547,1452.530999999959
 963_1453,1139,2252.884,2702163.27,1172953.421,963.2700000000186,1453.4210000000894
 993_1455,1140,2253.755,2702193.112,1172954.889,993.1120000001974,1454.8889999999665
1021_1455,1141,2255.998,2702220.92,1172954.76,1020.9199999999255,1454.7600000000093
1050_1456,1142,2262.135,2702249.651,1172955.798,1049.6510000000708,1455.7979999999516
1079_1456,1143,2267.732,2702278.577,1172955.728,1078.5770000000484,1455.7279999998864
1106_1456,1144,2270.568,2702306.12,1172955.685,1106.1200000001118,1455.6850000000559
1135_1456,1145,2263.936,2702335.244,1172955.515,1135.2439999999478,1455.5149999998976
1164_1456,1146,2256.393,2702364.449,1172956.086,1164.4490000000224,1456.0859999998938
1193_1457,1147,2259.229,2702392.594,1172956.608,1192.594000000041,1456.6080000000075
1221_1457,1148,2259.455,2702421.002,1172956.582,1221.0019999998622,1456.5819999999367
1249_1458,1149,2260.275,2702449.467,1172957.527,1249.4670000001788,1457.5270000000019
1278_1457,1150,2260.934,2702477.958,1172956.996,1277.9580000001006,1456.9960000000428
1306_1458,1151,2263.314,2702506.061,1172958.21,1306.0610000002198,1458.2099999999627
1335_1459,1152,2264.448,2702535.049,1172958.65,1335.0490000001155,1458.6499999999069
1364_1459,1153,2266.23,2702564.484,1172958.977,1364.4840000001714,1458.9769999999553
1393_1461,1154,2269.362,2702593.178,1172960.692,1393.1779999998398,1460.6920000000391
1418_1460,1155,2272.081,2702617.665,1172960.27,1417.6650000000373,1460.2700000000186
1450_1461,1156,2287.451,2702649.813,1172961.152,1449.813000000082,1461.1520000000019
1479_1462,1157,2293.095,2702679.222,1172961.79,1479.222000000067,1461.7900000000373
1507_1461,1158,2296.844,2702707.248,1172960.767,1507.2480000001378,1460.7669999999925
1537_1464,1159,2302.476,2702737.274,1172963.926,1537.2740000002086,1463.9259999999776
 607_1423,1161,2159.89,2701807.164,1172922.993,607.1639999998733,1422.9930000000168
 635_1421,1162,2172.308,2701835.134,1172921.221,635.1340000000782,1421.2209999999031
 665_1425,1163,2175.241,2701864.626,1172924.991,664.6260000001639,1424.9909999999218
 692_1423,1164,2186.38,2701891.934,1172923.095,691.933999999892,1423.094999999972
 721_1425,1165,2194.748,2701920.736,1172924.93,720.7360000000335,1424.9299999999348
 750_1426,1166,2205.368,2701949.574,1172925.658,749.5740000000224,1425.658000000054
 778_1425,1167,2211.229,2701978.147,1172925.368,778.1469999998808,1425.3680000000168
 807_1427,1168,2214.977,2702006.742,1172926.583,806.7420000000857,1426.5830000001006
 836_1426,1169,2219.083,2702035.884,1172926.343,835.8840000000782,1426.34300000011
 864_1427,1170,2223.538,2702064.182,1172927.495,864.1820000000298,1427.4950000001118
 895_1427,1171,2229.342,2702095.231,1172927.278,895.2310000001453,1427.277999999933
 920_1430,1172,2233.699,2702119.818,1172930.053,919.8179999999702,1430.0530000000726
 950_1427,1173,2241.616,2702149.58,1172927.362,949.5800000000745,1427.3619999999646
 978_1429,1174,2246.741,2702178.283,1172928.951,978.2829999998212,1428.9509999998845
1008_1429,1175,2247.941,2702207.519,1172928.586,1007.5189999998547,1428.5859999998938
1035_1429,1176,2251.769,2702234.929,1172929.267,1034.9290000000037,1429.2669999999925
1064_1430,1177,2258.072,2702263.908,1172929.811,1063.9079999998212,1429.810999999987
1093_1431,1178,2261.991,2702293.003,1172930.728,1093.003000000026,1430.7279999998864
1121_1432,1179,2254.668,2702321.285,1172931.752,1121.285000000149,1431.752000000095
1149_1432,1180,2246.884,2702349.325,1172932.342,1149.3250000001863,1432.341999999946
1178_1431,1181,2247.103,2702377.543,1172931.387,1177.5430000000633,1431.3870000001043
1206_1434,1182,2249.792,2702405.709,1172934.079,1205.7089999997988,1434.0789999999106
1235_1434,1183,2249.218,2702435.429,1172933.771,1235.4290000000037,1433.7709999999497
1264_1433,1184,2248.29,2702464.328,1172932.855,1264.3280000002123,1432.8549999999814
1293_1435,1185,2250.827,2702492.916,1172934.773,1292.9160000002012,1434.7730000000447
1322_1435,1186,2253.589,2702521.569,1172934.52,1321.569000000134,1434.5200000000186
1350_1435,1187,2255.7,2702549.89,1172934.997,1349.8900000001304,1434.996999999974
1379_1436,1188,2259.713,2702578.653,1172936.296,1378.652999999933,1436.2960000000894
1406_1436,1189,2263.607,2702606.462,1172936.158,1406.461999999825,1436.158000000054
1436_1436,1190,2270.995,2702635.707,1172935.821,1435.7069999999367,1435.8209999999963
1464_1437,1191,2281.51,2702663.728,1172937.286,1463.7280000001192,1437.28600000008
1492_1436,1192,2286.768,2702691.769,1172936.19,1491.7689999998547,1436.1899999999441
1521_1438,1193,2291.006,2702720.718,1172937.916,1520.717999999877,1437.9159999999683
1549_1438,1194,2292.161,2702749.158,1172937.555,1549.1579999998212,1437.5549999999348
 625_1400,1196,2160.441,2701825.141,1172899.818,625.1409999998286,1399.8179999999702
 651_1399,1197,2170.643,2701851.453,1172899.444,651.4530000002123,1399.4439999999013
 679_1400,1198,2178.897,2701879.467,1172899.987,679.4670000001788,1399.9869999999646
 708_1400,1199,2184.819,2701908.379,1172900.219,708.37900000019,1400.219000000041
 737_1401,1200,2191.266,2701937.294,1172901.2,737.2940000002272,1401.1999999999534
 767_1401,1201,2200.072,2701966.58,1172900.685,766.5800000000745,1400.6850000000559
 795_1402,1202,2209.717,2701994.506,1172901.939,794.5060000000522,1401.939000000013
 823_1401,1203,2215.835,2702023.407,1172901.296,823.4070000001229,1401.2960000000894
 852_1403,1204,2216.63,2702051.527,1172902.571,851.526999999769,1402.5709999999963
 881_1403,1205,2219.856,2702080.915,1172903.131,880.9150000000373,1403.1310000000522
 906_1399,1206,2225.682,2702106.155,1172899.422,906.1549999997951,1399.4220000000205
 938_1404,1207,2233.997,2702138.007,1172903.672,938.0070000002161,1403.6720000000205
 967_1404,1208,2238.915,2702166.64,1172904.439,966.6400000001304,1404.439000000013
 996_1406,1209,2241.6,2702195.585,1172905.809,995.5849999999627,1405.808999999892
1022_1406,1210,2243.704,2702221.995,1172906.474,1021.9950000001118,1406.4739999999292
1052_1406,1211,2246.416,2702251.517,1172905.508,1051.5169999999925,1405.5079999999143
1080_1406,1212,2250.421,2702280.462,1172906.414,1080.461999999825,1406.4140000001062
1108_1408,1213,2247.71,2702307.771,1172907.891,1107.7710000001825,1407.8910000000615
1137_1407,1214,2241.22,2702337.047,1172907.146,1137.0469999997877,1407.1459999999497
1166_1408,1215,2238.461,2702365.99,1172907.813,1165.9900000002235,1407.813000000082
1194_1409,1216,2240.656,2702393.615,1172908.762,1193.6150000002235,1408.7620000001043
1223_1408,1217,2239.795,2702423.037,1172907.803,1223.0370000000112,1407.8030000000726
1252_1407,1218,2239.31,2702452.446,1172907.111,1252.4459999999963,1407.1110000000335
1280_1408,1219,2242.139,2702480.011,1172908.417,1280.0109999999404,1408.4169999998994
1309_1408,1220,2244.614,2702509.036,1172908.222,1309.0359999998473,1408.222000000067
1337_1409,1221,2246.86,2702536.602,1172909.179,1336.6019999999553,1409.1790000000037
1366_1410,1222,2249.826,2702565.562,1172909.689,1365.561999999918,1409.689000000013
1394_1411,1223,2253.017,2702593.794,1172911.008,1393.7940000002272,1411.0079999999143
1424_1415,1224,2257.908,2702624.076,1172914.504,1424.0759999998845,1414.5039999999572
1451_1413,1225,2265.898,2702650.936,1172912.504,1450.9360000002198,1412.5039999999572
1480_1411,1226,2273.993,2702679.968,1172911.467,1479.967999999877,1411.466999999946
1508_1412,1227,2279.646,2702707.639,1172912.216,1507.6389999999665,1412.216000000015
1536_1413,1228,2281.668,2702736.166,1172912.506,1536.1660000002012,1412.5060000000522
 667_1375,1231,2163.178,2701867.251,1172874.639,667.2510000001639,1374.6389999999665
 694_1375,1232,2175.213,2701893.831,1172875.426,693.8309999997728,1375.4259999999776
 723_1376,1233,2185.709,2701922.533,1172876.29,722.5329999998212,1376.2900000000373
 751_1377,1234,2195.187,2701951.276,1172876.76,751.2760000000708,1376.7600000000093
 780_1377,1235,2206.071,2701979.904,1172877.09,779.9040000000969,1377.0900000000838
 809_1378,1236,2206.978,2702008.655,1172877.59,808.6549999997951,1377.5900000000838
 837_1378,1237,2211.838,2702036.765,1172878.14,836.7650000001304,1378.1399999998976
 866_1378,1238,2218.816,2702065.652,1172877.983,865.651999999769,1377.9830000000075
 894_1379,1239,2220.267,2702093.79,1172879.383,893.7900000000373,1379.3829999999143
 922_1380,1240,2223.503,2702122.288,1172879.863,922.2880000001751,1379.8629999998957
 951_1380,1241,2232.482,2702151.425,1172880.32,951.4249999998137,1380.3200000000652
 979_1381,1242,2236.074,2702179.127,1172881.283,979.1269999998622,1381.283000000054
1008_1381,1243,2236.685,2702208.087,1172881.198,1008.0869999998249,1381.1980000000913
1036_1378,1244,2235.278,2702236.391,1172878.062,1036.3909999998286,1378.061999999918
1066_1381,1245,2238.279,2702265.915,1172880.888,1065.9150000000373,1380.8880000000354
1094_1382,1246,2234.322,2702293.901,1172881.886,1093.9010000000708,1381.8859999999404
1123_1382,1247,2232.962,2702322.989,1172882.442,1122.9890000000596,1382.4420000000391
1151_1382,1248,2231.476,2702351.053,1172882.395,1151.0529999998398,1382.3950000000186
1179_1383,1249,2232.49,2702379.387,1172883.322,1179.3870000001043,1383.3219999999274
1208_1384,1250,2230.278,2702408.174,1172883.616,1208.1740000001155,1383.6159999999218
1237_1384,1251,2230.72,2702437.412,1172884.426,1237.4120000000112,1384.4259999999776
1266_1385,1252,2233.227,2702465.955,1172885.286,1265.9550000000745,1385.28600000008
1294_1385,1253,2234.926,2702494.143,1172885.496,1294.1430000001565,1385.4960000000428
1322_1385,1254,2235.553,2702522.473,1172885.494,1322.473000000231,1385.4939999999478
1351_1387,1255,2237.661,2702550.969,1172887.131,1350.969000000041,1387.1310000000522
1380_1387,1256,2242.639,2702580.127,1172887.083,1380.1269999998622,1387.0830000001006
1408_1387,1257,2244.603,2702608.038,1172887.253,1408.038000000175,1387.253000000026
1437_1388,1258,2247.58,2702636.687,1172887.843,1436.686999999918,1387.84300000011
1466_1389,1259,2257.224,2702665.888,1172888.61,1465.8879999998026,1388.6100000001024
1494_1389,1260,2262.267,2702694.327,1172888.643,1494.3270000000484,1388.6429999999236
1522_1390,1261,2268.901,2702722.375,1172889.64,1522.375,1389.6399999998976
1551_1390,1262,2273.223,2702751.273,1172890.461,1551.2730000000447,1390.4609999998938
 651_1351,1264,2141.458,2701851.319,1172851.311,651.3190000001341,1351.310999999987
 680_1352,1265,2155.492,2701880.045,1172852.13,680.0449999999255,1352.1299999998882
 708_1353,1266,2168.654,2701908.343,1172852.892,708.3429999998771,1352.8919999999925
 737_1353,1267,2178.945,2701936.875,1172853.353,736.875,1353.3529999998864
 765_1354,1268,2189.774,2701965.314,1172853.776,765.3139999997802,1353.7760000000708
 795_1354,1269,2200.115,2701994.532,1172853.972,794.5320000001229,1353.972000000067
 823_1355,1270,2209.158,2702023.113,1172855.103,823.1129999998957,1355.1029999998864
 852_1355,1271,2214.064,2702051.668,1172855.135,851.6680000000633,1355.1350000000093
 879_1354,1272,2214.69,2702078.68,1172854.064,878.6800000001676,1354.064000000013
 909_1355,1273,2220.346,2702109.029,1172855.402,909.0290000000969,1355.4020000000019
 937_1356,1274,2222.405,2702137.196,1172855.713,937.1959999999963,1355.7129999999888
 966_1357,1275,2231.08,2702166.045,1172857.425,966.0449999999255,1357.4250000000466
 994_1357,1276,2232.895,2702194.414,1172857.216,994.4139999998733,1357.216000000015
1023_1358,1277,2233.405,2702223.067,1172857.841,1023.0669999998063,1357.841000000015
1051_1358,1278,2230.166,2702251.292,1172858.046,1051.2919999998994,1358.0460000000894
1080_1358,1279,2226.213,2702280.203,1172857.898,1080.2030000002123,1357.8980000000447
1108_1359,1280,2224.209,2702308.304,1172858.835,1108.3040000000037,1358.8349999999627
1137_1360,1281,2221.917,2702336.782,1172859.997,1136.782000000123,1359.996999999974
1165_1360,1282,2218.742,2702365.359,1172860.187,1165.3590000001714,1360.186999999918
1194_1361,1283,2218.157,2702393.979,1172860.725,1193.9789999998175,1360.7250000000931
1224_1359,1284,2218.494,2702423.719,1172858.697,1223.719000000041,1358.6969999999274
1251_1361,1285,2222.905,2702451.277,1172861.455,1251.276999999769,1361.4550000000745
1281_1360,1286,2223.907,2702480.968,1172860.194,1280.967999999877,1360.1939999999013
1308_1362,1287,2226.281,2702507.952,1172862.374,1307.9520000000484,1362.374000000069
1338_1364,1288,2223.979,2702537.563,1172863.69,1337.563000000082,1363.6899999999441
1365_1363,1289,2228.143,2702565.486,1172863.197,1365.4860000000335,1363.1969999999274
1393_1364,1290,2232.445,2702593.471,1172863.813,1393.4709999999031,1363.813000000082
1422_1364,1291,2234.618,2702622.442,1172864.415,1422.4419999998063,1364.4150000000373
1451_1365,1292,2240.67,2702650.896,1172864.777,1450.8960000001825,1364.7770000000019
1480_1365,1293,2246.813,2702680.023,1172865.451,1480.0230000000447,1365.4509999998845
1508_1365,1294,2251.595,2702707.698,1172865.256,1507.6979999998584,1365.2560000000522
1536_1365,1295,2259.188,2702736.406,1172864.757,1536.405999999959,1364.7569999999832
 637_1328,1296,2117.654,2701837.294,1172827.521,637.2940000002272,1327.5209999999497
 666_1327,1297,2134.839,2701865.95,1172827.361,665.9500000001863,1327.3610000000335
 694_1328,1298,2149.39,2701894.057,1172828.416,694.0570000000298,1328.4159999999683
 723_1328,1299,2162.13,2701923.437,1172828.177,723.436999999918,1328.1769999999087
 752_1329,1300,2169.825,2701951.572,1172829.353,751.5720000001602,1329.3529999998864
 780_1330,1301,2179.613,2701979.799,1172829.5,779.7990000001155,1329.5
 809_1330,1302,2191.953,2702008.772,1172830.377,808.7719999998808,1330.377000000095
 838_1330,1303,2199.962,2702037.601,1172830.421,837.6009999997914,1330.4210000000894
 867_1331,1304,2206.938,2702066.576,1172831.126,866.5759999998845,1331.125999999931
 895_1332,1305,2215.395,2702094.536,1172831.667,894.5359999998473,1331.6669999998994
 952_1332,1307,2219.786,2702151.93,1172832.311,951.9300000001676,1332.310999999987
 980_1333,1308,2225.633,2702180.297,1172833.017,980.2969999997877,1333.0169999999925
1010_1334,1309,2229.325,2702209.811,1172833.705,1009.8110000002198,1333.7050000000745
1038_1334,1310,2226.581,2702238.045,1172833.708,1038.0449999999255,1333.7080000001006
1066_1334,1311,2225.181,2702266.248,1172834.03,1066.2480000001378,1334.030000000028
1095_1335,1312,2221.223,2702294.641,1172835.303,1094.6409999998286,1335.3030000000726
1124_1333,1313,2218.327,2702324.189,1172833.313,1124.1889999997802,1333.313000000082
1152_1336,1314,2213.683,2702351.748,1172835.777,1151.7480000001378,1335.7770000000019
1180_1336,1315,2208.032,2702380.158,1172836.193,1180.1579999998212,1336.1929999999702
1206_1337,1316,2207.681,2702405.942,1172836.849,1205.9419999998063,1336.8489999999292
1238_1337,1317,2210.735,2702437.765,1172837.092,1237.7650000001304,1337.091999999946
1266_1337,1318,2214.4,2702466.39,1172837.486,1266.3900000001304,1337.4860000000335
1294_1338,1319,2215.079,2702494.469,1172838.409,1294.469000000041,1338.408999999985
1324_1338,1320,2210.658,2702523.678,1172838.094,1323.6779999998398,1338.094000000041
1352_1339,1321,2213.423,2702551.979,1172838.913,1351.9789999998175,1338.9129999999423
1380_1340,1322,2217.755,2702580.147,1172839.827,1380.1469999998808,1339.8270000000484
1409_1340,1323,2224.495,2702609.082,1172840.207,1409.0819999999367,1340.2069999999367
1438_1341,1324,2232.04,2702638.261,1172840.706,1438.2609999999404,1340.7060000000056
1467_1341,1325,2237.708,2702666.79,1172841.297,1466.7900000000373,1341.2970000000205
1496_1342,1326,2242.046,2702695.578,1172841.744,1495.5780000002123,1341.7439999999478
1524_1342,1327,2246.248,2702723.679,1172842.159,1523.6790000000037,1342.158999999985
1552_1342,1328,2247.069,2702752.189,1172842.242,1552.1889999997802,1342.2420000000857
 740_1306,1332,2156.966,2701939.51,1172806.472,739.5099999997765,1306.472000000067
 768_1306,1333,2165.838,2701968.451,1172806.139,768.4509999998845,1306.1389999999665
 796_1307,1334,2174.655,2701996.39,1172806.916,796.3900000001304,1306.9159999999683
 824_1307,1335,2182.401,2702023.899,1172807.083,823.8990000002086,1307.0830000001006
 853_1306,1336,2190.803,2702053.193,1172806.467,853.1929999999702,1306.466999999946
 882_1307,1337,2198.947,2702081.895,1172806.92,881.8950000000186,1306.9199999999255
 910_1309,1338,2208.831,2702110.493,1172808.866,910.4929999997839,1308.8659999999218
 938_1308,1339,2214.852,2702138.375,1172808.374,938.375,1308.374000000069
 968_1309,1340,2220.24,2702167.912,1172809.127,967.9120000000112,1309.127000000095
 996_1309,1341,2224.58,2702195.706,1172808.766,995.7059999997728,1308.7660000000615
1025_1311,1342,2227.564,2702224.827,1172810.729,1024.8270000000484,1310.7290000000503
1053_1310,1343,2224.039,2702252.839,1172810.028,1052.8390000001527,1310.027999999933
1081_1312,1344,2222.583,2702281.472,1172811.57,1081.472000000067,1311.5700000000652
1110_1311,1345,2217.297,2702310.351,1172811.451,1110.3509999997914,1311.4509999998845
1139_1312,1346,2211.93,2702338.896,1172812.336,1138.8960000001825,1312.3359999998938
1168_1313,1347,2205.156,2702368.151,1172812.883,1168.1510000000708,1312.8829999999143
1196_1313,1348,2203.967,2702396.1,1172812.625,1196.1000000000931,1312.625
1224_1314,1349,2205.634,2702423.874,1172813.636,1223.873999999836,1313.6359999999404
1253_1314,1350,2208.667,2702452.81,1172814.17,1252.8100000000559,1314.1699999999255
1282_1315,1351,2210.09,2702482.26,1172814.557,1282.2599999997765,1314.5570000000298
1310_1315,1352,2207.993,2702509.881,1172814.785,1309.8810000000522,1314.7849999999162
1337_1317,1353,2200.985,2702537.239,1172816.703,1337.2390000000596,1316.7029999999795
1367_1316,1354,2203.452,2702567.098,1172815.651,1367.098000000231,1315.6510000000708
1396_1316,1355,2213.742,2702595.785,1172815.979,1395.785000000149,1315.9790000000503
1424_1317,1356,2221.297,2702624.141,1172817.122,1424.1409999998286,1317.121999999974
1453_1315,1357,2227.92,2702652.674,1172815.154,1452.6740000001155,1315.1540000000969
1481_1317,1358,2234.904,2702681.201,1172816.705,1481.2009999998845,1316.7050000000745
1539_1318,1360,2238.557,2702738.807,1172818.066,1538.8070000000298,1318.066000000108
 667_1280,1361,2107.7,2701867.171,1172780.17,667.1710000000894,1280.1699999999255
 726_1285,1363,2138.774,2701925.582,1172785.041,725.5819999999367,1285.0409999999683
 753_1282,1364,2150.994,2701952.773,1172781.692,752.7730000000447,1281.6920000000391
 781_1282,1365,2160.727,2701980.698,1172782.482,780.6979999998584,1282.4820000000764
 809_1283,1366,2168.225,2702009.446,1172782.686,809.4459999999963,1282.685999999987
 839_1285,1367,2176.872,2702038.671,1172784.599,838.6710000000894,1284.5989999999292
 867_1284,1368,2184.274,2702066.69,1172783.882,866.6899999999441,1283.8819999999832
 895_1284,1369,2192.692,2702095.385,1172784.037,895.3849999997765,1284.0370000000112
 923_1284,1370,2198.529,2702123.004,1172783.9,923.00400000019,1283.8999999999069
 954_1285,1371,2204.703,2702153.644,1172784.733,953.6439999998547,1284.7330000000075
 981_1285,1372,2208.349,2702181.188,1172785.033,981.188000000082,1285.033000000054
1010_1286,1373,2213.836,2702209.703,1172786.125,1009.7030000002123,1286.125
1038_1286,1374,2206.692,2702237.988,1172785.814,1037.9879999998957,1285.814000000013
1067_1288,1375,2211.187,2702267.314,1172787.804,1067.3139999997802,1287.8040000000037
1098_1288,1376,2212.674,2702297.542,1172787.884,1097.5419999998994,1287.8840000000782
1125_1289,1377,2207.575,2702324.758,1172788.52,1124.7579999999143,1288.5200000000186
1154_1289,1378,2201.468,2702354.034,1172788.997,1154.033999999985,1288.996999999974
1181_1289,1379,2199.782,2702381.194,1172789.153,1181.194000000134,1289.152999999933
1210_1289,1380,2200.023,2702409.786,1172788.9,1209.7859999998473,1288.8999999999069
1238_1289,1381,2202.061,2702438.072,1172789.452,1238.0720000001602,1289.4520000000484
1266_1290,1382,2201.55,2702466.007,1172790.439,1266.007000000216,1290.439000000013
1295_1290,1383,2198.328,2702494.573,1172789.665,1294.5729999998584,1289.6650000000373
1323_1289,1384,2193.053,2702522.942,1172789.307,1322.9419999998063,1289.3070000000298
1352_1291,1385,2188.5,2702551.796,1172791.03,1351.7960000000894,1291.030000000028
1382_1293,1386,2200.712,2702582.167,1172792.618,1382.1669999998994,1292.6180000000168
1410_1292,1387,2206.145,2702610.318,1172792.006,1410.3179999999702,1292.0060000000522
1436_1294,1388,2213.445,2702636.12,1172794.195,1436.1200000001118,1294.1950000000652
1467_1293,1389,2218.942,2702666.576,1172792.71,1466.5759999998845,1292.7099999999627
1492_1310,1390,2222.558,2702691.934,1172810.297,1491.933999999892,1310.2970000000205
1525_1299,1391,2224.905,2702725.279,1172799.415,1525.2790000000969,1299.4150000000373
1552_1294,1392,2220.292,2702751.775,1172794.359,1551.7749999999069,1294.3589999999385
 766_1257,1396,2142.812,2701966.414,1172756.877,766.4139999998733,1256.877000000095
 795_1258,1397,2153.133,2701995.024,1172757.545,795.0240000002086,1257.5449999999255
 823_1258,1398,2161.217,2702023.108,1172758.081,823.1080000000075,1258.0810000000056
 852_1258,1399,2168.198,2702051.856,1172758.197,851.8560000001453,1258.1969999999274
 881_1259,1400,2177.055,2702080.525,1172758.981,880.5249999999069,1258.9809999999125
 966_1260,1403,2189.56,2702166.295,1172759.863,966.2949999999255,1259.8629999998957
 696_1232,1404,2090.09,2701895.566,1172732.306,695.566000000108,1232.3060000000987
 753_1234,1406,2120.563,2701953.484,1172733.573,753.4840000001714,1233.5730000000913
 781_1235,1407,2134.654,2701981.362,1172734.962,781.3620000001974,1234.9620000000577
 810_1235,1408,2143.965,2702010.453,1172734.667,810.4530000002123,1234.6669999998994
 839_1236,1409,2152.466,2702038.634,1172735.594,838.6340000000782,1235.594000000041
 867_1236,1410,2160.673,2702066.921,1172736.367,866.9210000000894,1236.3670000000857
 896_1237,1411,2167.629,2702095.958,1172736.802,895.9580000001006,1236.8019999999087
 925_1237,1412,2171.208,2702124.608,1172737.174,924.6080000000075,1237.1740000001155
 953_1238,1413,2173.036,2702153.101,1172737.651,953.1009999997914,1237.6510000000708
 982_1239,1414,2178.283,2702181.843,1172739.158,981.8429999998771,1239.158000000054
 740_1211,1416,2100.817,2701939.827,1172711.141,739.8270000000484,1211.1410000000615
 769_1211,1417,2111.938,2701968.643,1172711.039,768.6430000001565,1211.0390000001062
 797_1210,1418,2120.251,2701996.643,1172710.303,796.6430000001565,1210.3030000000726
 826_1212,1419,2135.54,2702026.309,1172712.016,826.308999999892,1212.0160000000615
 856_1212,1420,2144.02,2702055.593,1172711.895,855.5929999998771,1211.8950000000186
 883_1212,1421,2149.785,2702083.42,1172711.936,883.4199999999255,1211.935999999987
 911_1214,1422,2155.86,2702110.816,1172713.763,910.816000000108,1213.7630000000354
 940_1214,1423,2157.395,2702139.65,1172713.946,939.6499999999069,1213.9459999999963
 968_1214,1424,2163.275,2702168.438,1172714.466,968.438000000082,1214.466000000015
 727_1188,1425,2079.271,2701927.197,1172687.976,727.1970000001602,1187.9760000000242
 757_1187,1426,2095.942,2701956.609,1172687.218,756.6090000001714,1187.21800000011
 784_1188,1427,2101.568,2701983.588,1172687.868,783.5879999999888,1187.8680000000168
 811_1187,1428,2115.124,2702011.252,1172687.241,811.2519999998622,1187.2409999999218
 840_1188,1429,2123.882,2702039.985,1172687.655,839.9849999998696,1187.655000000028
 868_1189,1430,2131.839,2702068.426,1172688.717,868.4259999999776,1188.716999999946
 897_1188,1431,2136.257,2702096.818,1172688.448,896.8179999999702,1188.4480000000913
 926_1189,1432,2139.082,2702126.054,1172688.812,926.0540000000037,1188.811999999918
 957_1188,1433,2143.615,2702157.29,1172688.127,957.2900000000373,1188.127000000095
 983_1190,1434,2150.048,2702183.091,1172690.241,983.0910000000149,1190.2409999999218
 569_1159,1435,1980.796,2701769.339,1172659.124,569.3390000001527,1159.124000000069
 598_1160,1436,1995.963,2701798.233,1172659.967,598.2330000000075,1159.966999999946
 627_1161,1437,2012.357,2701826.892,1172660.523,626.8919999999925,1160.5230000000447
 655_1161,1438,2023.063,2701855.261,1172661.096,655.2609999999404,1161.0959999999031
 684_1160,1439,2038.638,2701884.307,1172659.973,684.3070000000298,1159.9729999999981
 713_1160,1440,2053.699,2701912.814,1172660.363,712.8139999997802,1160.3629999998957
 742_1161,1441,2068.801,2701941.706,1172661.087,741.7059999997728,1161.0870000000577
 770_1161,1442,2086.656,2701969.798,1172661.173,769.7979999999516,1161.1729999999516
 798_1163,1443,2101.325,2701998.2,1172662.818,798.2000000001863,1162.8179999999702
 827_1164,1444,2108.386,2702027.041,1172663.953,827.0410000002012,1163.9529999999795
 856_1163,1445,2113.14,2702056.332,1172662.913,856.3319999999367,1162.9129999999423
 884_1164,1446,2115.867,2702084.477,1172663.905,884.4769999999553,1163.905000000028
 913_1165,1447,2121.076,2702112.779,1172664.961,912.7790000000969,1164.9609999998938
 942_1165,1448,2123.759,2702141.97,1172665.203,941.9700000002049,1165.2029999999795
 970_1166,1449,2129.569,2702169.959,1172665.843,969.9589999997988,1165.84300000011
 584_1136,1450,1983.011,2701784.147,1172635.501,584.1469999998808,1135.500999999931
 612_1136,1451,1997.764,2701812.335,1172636.282,612.3349999999627,1136.28199999989
 641_1137,1452,2011.829,2701841.24,1172637.016,641.2400000002235,1137.0160000000615
 669_1137,1453,2024.963,2701869.381,1172637.356,669.3810000000522,1137.3559999999125
 697_1138,1454,2037.842,2701897.283,1172637.647,697.2829999998212,1137.6470000001136
 726_1137,1455,2049.705,2701925.537,1172636.709,725.5370000000112,1136.7090000000317
 755_1137,1456,2065.334,2701954.627,1172637.47,754.6269999998622,1137.469999999972
 783_1138,1457,2077.823,2701982.802,1172637.5,782.8020000001416,1137.5
 812_1138,1458,2090.942,2702011.799,1172638.256,811.7990000001155,1138.2560000000522
 840_1140,1459,2097.785,2702040.306,1172639.686,840.3059999998659,1139.685999999987
 869_1139,1460,2099.951,2702068.982,1172639.092,868.9819999998435,1139.091999999946
 897_1140,1461,2103.091,2702097.239,1172639.819,897.2390000000596,1139.8189999999013
 926_1141,1462,2104.919,2702126.381,1172640.629,926.3810000000522,1140.6289999999572
 954_1141,1463,2109.361,2702154.117,1172641.37,954.1170000000857,1141.3700000001118
 983_1143,1464,2116.899,2702182.978,1172642.788,982.9780000001192,1142.7879999999423
 580_1105,1465,1965.457,2701779.614,1172605.332,579.6140000000596,1105.3319999999367
 597_1109,1466,1979.177,2701797.199,1172609.091,597.1990000000224,1109.091000000015
 627_1110,1467,1998.114,2701826.554,1172610.439,626.5540000000037,1110.439000000013
 654_1111,1468,2010.785,2701854.357,1172611.488,654.3569999998435,1111.4879999998957
 683_1112,1469,2021.696,2701883.299,1172611.979,683.2990000001155,1111.9790000000503
 712_1113,1470,2032.777,2701912.141,1172612.84,712.1409999998286,1112.8400000000838
 741_1113,1471,2045.518,2701940.591,1172613.093,740.5910000000149,1113.09300000011
 769_1114,1472,2059.21,2701969.143,1172613.514,769.1430000001565,1113.5139999999665
 798_1114,1473,2072.875,2701998.24,1172614.258,798.2400000002235,1114.2579999999143
 827_1114,1474,2082.053,2702026.719,1172614.298,826.719000000041,1114.2979999999516
 855_1116,1475,2087.19,2702055.454,1172615.55,855.4539999999106,1115.5500000000466
 884_1116,1476,2089.99,2702083.682,1172616.36,883.6820000000298,1116.3600000001024
 912_1117,1477,2090.98,2702112.33,1172617.084,912.3300000000745,1117.0840000000317
 941_1117,1478,2094.649,2702140.526,1172617.339,940.5260000000708,1117.33899999992
 970_1117,1479,2097.424,2702169.691,1172617.429,969.691000000108,1117.4290000000037
 584_1087,1480,1961.722,2701783.564,1172586.967,583.5639999997802,1086.966999999946
 612_1087,1481,1979.443,2701812.46,1172587.324,612.4599999999627,1087.3240000000224
 641_1085,1482,1995.008,2701841.089,1172585.432,641.0890000001527,1085.4320000000298
 669_1088,1483,2007.911,2701869.434,1172587.899,669.433999999892,1087.8989999999758
 697_1089,1484,2017.659,2701897.225,1172588.813,697.2250000000931,1088.813000000082
 727_1089,1485,2028.235,2701926.513,1172588.69,726.5129999998026,1088.6899999999441
 755_1090,1486,2040.375,2701954.81,1172590.118,754.8100000000559,1090.1180000000168
 784_1089,1487,2052.22,2701983.796,1172589.452,783.7960000000894,1089.4520000000484
 812_1091,1488,2064.666,2702012.32,1172590.516,812.3199999998324,1090.5160000000615
 840_1091,1489,2074.214,2702040.005,1172590.802,840.0049999998882,1090.8019999999087
 868_1090,1490,2076.671,2702067.702,1172590.357,867.7020000000484,1090.3570000000764
 898_1092,1491,2075.988,2702097.779,1172591.908,897.7790000000969,1091.908000000054
 926_1092,1492,2077.773,2702126.29,1172592.488,926.2900000000373,1092.4879999998957
 955_1093,1493,2080.705,2702155.362,1172592.891,955.3620000001974,1092.8910000000615
 983_1093,1494,2085.729,2702182.602,1172592.794,982.6019999999553,1092.7939999999944
 571_1064,1495,1945.914,2701771.328,1172563.56,571.3280000002123,1063.5600000000559
 599_1063,1496,1962.968,2701798.83,1172563.371,598.8300000000745,1063.3710000000428
 628_1064,1497,1979.194,2701828.463,1172563.832,628.4629999999888,1063.8319999999367
 657_1065,1498,1992.216,2701856.65,1172565.018,656.6499999999069,1065.0179999999236
 685_1065,1499,2002.547,2701885.254,1172565.081,685.25400000019,1065.0810000000056
 714_1067,1500,2013.578,2701914.314,1172567.123,714.3139999997802,1067.122999999905
 744_1067,1501,2025.65,2701944.15,1172566.511,744.1499999999069,1066.5109999999404
 772_1067,1502,2036.597,2701972.076,1172566.881,772.0759999998845,1066.8810000000522
 801_1067,1503,2045.956,2702000.557,1172567.468,800.5570000000298,1067.46800000011
 828_1067,1504,2054.431,2702027.748,1172567.259,827.7480000001378,1067.2590000000782
 857_1069,1505,2063.315,2702057.363,1172568.505,857.3629999998957,1068.5049999998882
 885_1068,1506,2066.08,2702085.268,1172568.203,885.2680000001565,1068.2029999999795
 913_1068,1507,2064.033,2702113.38,1172568.127,913.3799999998882,1068.127000000095
 942_1068,1508,2065.845,2702141.845,1172567.892,941.8450000002049,1067.8919999999925
 972_1068,1509,2071.209,2702171.559,1172568.211,971.558999999892,1068.2109999998938
 587_1040,1510,1948.556,2701787.003,1172540.095,587.0030000000261,1040.094999999972
 616_1041,1511,1963.507,2701815.542,1172541.256,615.5419999998994,1041.2560000000522
 643_1041,1512,1978.286,2701842.944,1172540.875,642.9440000001341,1040.875
 671_1040,1513,1988.625,2701871.498,1172540.087,671.4980000001378,1040.0870000000577
 699_1041,1514,1996.864,2701899.165,1172541.31,699.1650000000373,1041.3100000000559
 729_1042,1515,2006.971,2701928.859,1172542.095,728.8590000001714,1042.094999999972
 757_1043,1516,2018.953,2701956.937,1172542.638,756.936999999918,1042.6380000000354
 784_1042,1517,2027.549,2701983.792,1172542.183,783.7919999998994,1042.1829999999609
 812_1043,1518,2035.181,2702012.146,1172542.777,812.1460000001825,1042.7770000000019
 842_1043,1519,2043.345,2702042.187,1172543.284,842.186999999918,1043.283999999985
 870_1044,1520,2050.862,2702070.412,1172543.647,870.4120000000112,1043.6470000001136
 899_1045,1521,2052.215,2702098.558,1172544.682,898.5580000001937,1044.6820000000298
 928_1045,1522,2053.704,2702127.906,1172545.271,927.905999999959,1045.2709999999497
 955_1047,1523,2057.194,2702155.381,1172546.575,955.3810000000522,1046.5749999999534
 966_1047,1524,2058.878,2702166.169,1172546.723,966.1690000002272,1046.7229999999981
 570_1015,1525,1934.864,2701770.298,1172515.028,570.2979999999516,1015.027999999933
 599_1015,1526,1947.067,2701799.055,1172514.956,599.0550000001676,1014.9560000000056
 627_1016,1527,1957.564,2701827.375,1172515.613,627.375,1015.6129999998957
 656_1016,1528,1972.322,2701856.331,1172515.904,656.3309999997728,1015.9040000000969
 685_1016,1529,1983.327,2701885.051,1172516.412,685.0509999999776,1016.4120000000112
 714_1017,1530,1990.55,2701913.915,1172516.701,713.9150000000373,1016.7009999998845
 742_1018,1531,1999.244,2701941.767,1172517.745,741.7669999999925,1017.7450000001118
 770_1018,1532,2008.865,2701970.234,1172518.326,770.2340000001714,1018.3259999998845
 799_1019,1533,2019.674,2701999.135,1172518.931,799.1349999997765,1018.9310000000987
 827_1019,1534,2026.82,2702027.14,1172518.733,827.1400000001304,1018.7330000000075
 857_1019,1535,2033.392,2702056.568,1172519.073,856.5679999999702,1019.0730000000913
 885_1020,1536,2037.757,2702085.2,1172520.468,885.2000000001863,1020.4680000001099
 914_1021,1537,2034.878,2702113.726,1172521.198,913.7259999997914,1021.1980000000913
 584_ 991,1538,1936.368,2701784.019,1172490.783,584.0189999998547,990.783000000054
 613_ 991,1539,1945.325,2701813.427,1172491.168,613.4270000001416,991.1680000000633
 641_ 992,1540,1954.891,2701841.374,1172491.66,641.3739999998361,991.6599999999162
 671_ 992,1541,1967.512,2701870.908,1172492.241,670.9079999998212,992.2409999999218
 700_ 993,1542,1978.252,2701900.129,1172492.525,700.12900000019,992.5249999999069
 727_ 993,1543,1983.988,2701927.272,1172493.172,727.2719999998808,993.1720000000205
 757_ 994,1544,1992.126,2701957.043,1172493.792,757.0430000000633,993.7919999998994
 785_ 994,1545,2001.461,2701984.954,1172494.309,784.9539999999106,994.308999999892
 814_ 995,1546,2008.128,2702014.075,1172495.219,814.0750000001863,995.219000000041
 842_ 996,1547,2016.81,2702042.17,1172495.986,842.1699999999255,995.9860000000335
 871_ 996,1548,2018.468,2702070.685,1172496.152,870.6850000000559,996.1520000000019
 900_ 997,1549,2019.09,2702099.745,1172497.071,899.7450000001118,997.0709999999963
 929_ 998,1550,2022.273,2702128.579,1172497.692,928.5789999999106,997.6920000000391
 572_ 968,1551,1920.608,2701772.23,1172467.954,572.2299999999814,967.9539999999106
 602_ 969,1552,1934.848,2701801.521,1172468.689,601.5210000001825,968.689000000013
 631_ 969,1553,1945.404,2701830.528,1172468.866,630.527999999933,968.8659999999218
 659_ 969,1554,1954.206,2701858.799,1172469.256,658.7990000001155,969.2560000000522
 688_ 970,1555,1966.419,2701887.676,1172470.401,687.6759999999776,970.4010000000708
 715_ 971,1556,1977.252,2701915.108,1172470.546,715.1080000000075,970.5460000000894
 744_ 972,1557,1977.617,2701944.391,1172471.826,744.3909999998286,971.8259999998845
 773_ 971,1558,1987.846,2701973.155,1172470.953,773.1549999997951,970.9529999999795
 801_ 972,1559,1992.263,2702001.388,1172472.185,801.3879999998026,972.1850000000559
 831_ 973,1560,2000.592,2702030.551,1172472.597,830.5509999999776,972.597000000067
 859_ 973,1561,2001.82,2702058.881,1172473.326,858.8810000000522,973.3259999998845
 887_ 975,1562,2003.724,2702086.614,1172474.795,886.6140000000596,974.7949999999255
 915_ 976,1563,2005.707,2702115.396,1172476.041,915.3960000001825,976.0409999999683
 587_ 944,1564,1919.893,2701786.864,1172444.399,586.8640000000596,944.3989999999758
 616_ 945,1565,1933.761,2701816.267,1172445.285,616.2669999999925,945.2849999999162
 644_ 945,1566,1943.933,2701844.358,1172445.015,644.3580000000075,945.0149999998976
 673_ 945,1567,1952.023,2701873.403,1172445.453,673.402999999933,945.4529999999795
 701_ 946,1568,1961.412,2701901.269,1172446.365,701.2689999998547,946.3649999999907
 731_ 947,1569,1965.209,2701930.501,1172446.665,730.5010000001639,946.6650000000373
 758_ 947,1570,1973.489,2701958.298,1172446.857,758.2979999999516,946.8570000000764
 787_ 947,1571,1975.074,2701986.917,1172446.612,786.9169999998994,946.6119999999646
 815_ 947,1572,1980.875,2702015.21,1172447.071,815.2099999999627,947.0709999999963
 844_ 947,1573,1983.328,2702043.642,1172447.371,843.6419999999925,947.3710000000428
 871_ 947,1574,1987.099,2702071.391,1172447.398,871.3909999998286,947.3980000000447
 900_ 948,1575,1987.684,2702100.476,1172447.843,900.4759999997914,947.8430000001099
 929_ 949,1576,1990.138,2702128.802,1172448.519,928.8020000001416,948.5190000000875
 575_ 920,1577,1904.116,2701775.004,1172419.704,575.00400000019,919.7039999999106
 604_ 920,1578,1918.33,2701803.61,1172419.986,603.6099999998696,919.9860000000335
 632_ 920,1579,1930.399,2701832.135,1172420.205,632.1349999997765,920.2050000000745
 661_ 921,1580,1939.895,2701860.947,1172420.73,660.9470000001602,920.7299999999814
 689_ 922,1581,1945.382,2701889.09,1172421.909,689.089999999851,921.9089999999851
 717_ 922,1582,1952.184,2701916.558,1172421.785,716.5580000001937,921.7849999999162
 744_ 922,1583,1959.301,2701944.278,1172422.32,744.277999999933,922.3200000000652
 774_ 923,1584,1961.108,2701973.691,1172423.372,773.691000000108,923.3719999999739
 802_ 923,1585,1964.242,2702001.78,1172423.33,801.7799999997951,923.3300000000745
 831_ 924,1586,1966.793,2702030.862,1172424.107,830.8620000001974,924.1070000000764
 859_ 925,1587,1974.09,2702059.234,1172425.461,859.2340000001714,925.4609999998938
 888_ 926,1588,1977.023,2702088.242,1172425.724,888.2420000000857,925.7239999999292
 916_ 926,1589,1973.38,2702116.468,1172426.006,916.4679999998771,926.0060000000522
 589_ 897,1590,1903.396,2701788.939,1172396.855,588.9389999997802,896.8549999999814
 618_ 896,1591,1912.884,2701817.663,1172395.786,617.6630000001751,895.7860000000801
 646_ 896,1592,1926.443,2701845.819,1172396.02,645.8190000001341,896.0200000000186
 674_ 897,1593,1933.087,2701873.923,1172396.658,673.9229999999516,896.658000000054
 703_ 898,1594,1940.4,2701903.03,1172397.86,703.0299999997951,897.8600000001024
 731_ 898,1595,1946.531,2701931.399,1172397.691,731.3990000002086,897.691000000108
 760_ 899,1596,1947.207,2701959.632,1172398.677,759.6320000002161,898.6769999999087
 789_ 899,1597,1950.51,2701988.576,1172398.87,788.5759999998845,898.8700000001118
 815_ 899,1598,1952.109,2702015.461,1172398.881,815.4610000001267,898.8810000000522
 845_ 901,1599,1956.539,2702045.294,1172401.213,845.2940000002272,901.2129999999888
 873_ 901,1600,1960.758,2702073.494,1172401.305,873.4939999999478,901.3049999999348
 903_ 901,1601,1955.277,2702102.679,1172400.822,902.6790000000037,900.8219999999274
 930_ 901,1602,1960.956,2702130.099,1172400.952,930.0989999999292,900.9520000000484
 575_ 872,1603,1881.985,2701774.669,1172371.592,574.6690000002272,871.591999999946
 604_ 874,1604,1899.625,2701804.358,1172373.635,604.3580000000075,873.6350000000093
 633_ 874,1605,1911.536,2701833.15,1172374.231,633.1499999999069,874.2309999999125
 660_ 874,1606,1919.658,2701860.458,1172373.837,660.4580000001006,873.8370000000577
 689_ 874,1607,1923.624,2701889.075,1172373.629,689.0750000001863,873.6289999999572
 717_ 873,1608,1930.714,2701917.465,1172373.49,717.464999999851,873.4899999999907
 746_ 874,1609,1933.263,2701945.899,1172373.941,745.8990000002086,873.941000000108
 774_ 874,1610,1933.176,2701974.355,1172373.996,774.3549999999814,873.9960000000428
 802_ 874,1611,1935.392,2702002.022,1172373.63,802.0219999998808,873.6299999998882
 832_ 875,1612,1940.494,2702031.806,1172375.203,831.8059999998659,875.2029999999795
 861_ 876,1613,1943.065,2702060.563,1172375.645,860.563000000082,875.6450000000186
 886_ 876,1614,1943.726,2702085.539,1172375.63,885.5389999998733,875.6299999998882
 918_ 878,1615,1940.679,2702118.047,1172377.801,918.0469999997877,877.8009999999776
 617_ 847,1617,1892.563,2701817.354,1172347.387,617.3539999998175,847.3870000001043
 646_ 849,1618,1904.841,2701846.03,1172349.369,646.0299999997951,849.3689999999478
 674_ 848,1619,1907.775,2701874.273,1172348.175,674.2730000000447,848.1750000000466
 702_ 850,1620,1916.348,2701902.466,1172349.732,702.4660000000149,849.7320000000764
 732_ 851,1621,1920.26,2701931.75,1172350.869,731.75,850.8689999999478
 761_ 851,1622,1917.113,2701961.091,1172350.652,761.0910000000149,850.6520000000019
 789_ 851,1623,1920.14,2701988.674,1172351.233,788.6740000001155,851.2330000000075
 818_ 851,1624,1923.445,2702017.621,1172351.269,817.62099999981,851.2690000000875
 846_ 853,1625,1929.027,2702046.156,1172352.698,846.155999999959,852.6980000000913
 577_ 823,1626,1857.05,2701776.653,1172322.93,576.652999999933,822.9299999999348
 603_ 825,1627,1875.011,2701803.336,1172324.607,603.3360000001267,824.6070000000764
 632_ 826,1628,1887.287,2701832.234,1172325.533,632.2340000001714,825.533000000054
 689_ 826,1630,1898.835,2701888.933,1172325.81,688.9330000001937,825.8100000000559
 717_ 826,1631,1900.691,2701917.279,1172326.439,717.2790000000969,826.439000000013
 746_ 827,1632,1900.634,2701945.86,1172326.785,745.8599999998696,826.7849999999162
 774_ 827,1633,1904.915,2701974.368,1172327.315,774.3679999997839,827.3149999999441
 803_ 829,1634,1908.811,2702003.199,1172328.532,803.1990000000224,828.5319999998901
 832_ 827,1635,1914.47,2702031.968,1172327.373,831.9679999998771,827.372999999905
 589_ 800,1636,1852.312,2701789.219,1172299.775,589.219000000041,799.7749999999069
 617_ 800,1637,1868.737,2701817.209,1172300.446,617.2089999997988,800.4459999999963
 646_ 802,1638,1876.977,2701845.631,1172301.713,645.6310000000522,801.7129999999888
 674_ 802,1639,1882.948,2701873.963,1172302.031,673.9629999999888,802.030999999959
 703_ 802,1640,1884.989,2701902.927,1172302.413,702.9270000001416,802.4129999999423
 731_ 803,1641,1884.257,2701931.354,1172302.751,731.3539999998175,802.7509999999311
 760_ 803,1642,1887.971,2701959.777,1172303.187,759.776999999769,803.186999999918
 789_ 804,1643,1895.173,2701988.68,1172303.805,788.6800000001676,803.8049999999348
 818_ 804,1644,1898.034,2702017.602,1172304.097,817.6019999999553,804.097000000067
 846_ 805,1645,1904.224,2702045.97,1172304.614,845.9700000002049,804.6140000000596
 576_ 777,1646,1830.264,2701776.167,1172276.803,576.1669999998994,776.8030000000726
 604_ 777,1647,1846.857,2701804.406,1172277.143,604.405999999959,777.1429999999236
 633_ 778,1648,1861.387,2701833.154,1172277.586,633.1540000000969,777.5859999998938
 661_ 778,1649,1866.88,2701861.465,1172277.911,661.464999999851,777.9110000000801
 690_ 778,1650,1869.065,2701889.846,1172278.121,689.8459999999031,778.1210000000428
 719_ 778,1651,1870.963,2701918.837,1172278.444,718.8369999998249,778.4439999999013
 747_ 779,1652,1871.938,2701947.268,1172278.894,747.2680000001565,778.8940000000875
 775_ 779,1653,1876.65,2701975.399,1172279.412,775.3990000002086,779.4120000000112
 805_ 780,1654,1879.57,2702004.682,1172280.311,804.6820000000298,780.310999999987
 833_ 781,1655,1883.304,2702033.004,1172280.834,833.00400000019,780.8340000000317
 591_ 753,1656,1825.059,2701790.585,1172253.372,590.5849999999627,753.3719999999739
 619_ 754,1657,1839.745,2701818.795,1172253.853,618.7949999999255,753.8529999998864
 647_ 754,1658,1848.25,2701847.121,1172254.112,647.12099999981,754.1119999999646
 676_ 755,1659,1854.241,2701876.023,1172255.095,676.0230000000447,755.0949999999721
 704_ 755,1660,1855.573,2701903.905,1172255.164,703.9049999997951,755.1640000001062
 732_ 756,1661,1858.67,2701932.09,1172255.549,732.089999999851,755.5490000001155
 761_ 756,1662,1862.025,2701961.154,1172255.962,761.1540000000969,755.9620000000577
 790_ 756,1663,1865.63,2701989.512,1172256.322,789.5120000001043,756.3219999999274
 818_ 758,1664,1866.011,2702017.673,1172257.591,817.6729999999516,757.5910000000149
 847_ 758,1665,1870.994,2702046.694,1172257.687,846.6940000001341,757.686999999918
 576_ 729,1666,1802.199,2701776.365,1172228.806,576.3650000002235,728.8060000000987
 605_ 729,1667,1818.136,2701804.768,1172228.633,604.7680000001565,728.6329999999143
 633_ 729,1668,1830.016,2701832.939,1172228.719,632.9389999997802,728.719000000041
 662_ 730,1669,1834.317,2701862.078,1172229.827,662.0780000002123,729.8270000000484
 691_ 730,1670,1840.418,2701890.844,1172230.122,690.844000000041,730.1219999999739
 719_ 730,1671,1841.991,2701919.118,1172230.479,719.1179999997839,730.4790000000503
 748_ 731,1672,1845.765,2701947.97,1172230.932,747.9700000002049,730.9320000000298
 777_ 732,1673,1847.09,2701976.898,1172232.142,776.8980000000447,732.1419999999925
 806_ 732,1674,1849.026,2702005.582,1172232.185,805.5819999999367,732.1850000000559
 833_ 734,1675,1854.403,2702033.244,1172233.501,833.2439999999478,733.5009999999311
 591_ 705,1676,1797.336,2701791.274,1172205.245,591.2740000002086,705.2450000001118
 620_ 705,1677,1812.551,2701819.729,1172205.063,619.7289999998175,705.063000000082
 648_ 706,1678,1819.012,2701847.688,1172205.801,647.688000000082,705.8009999999776
 676_ 706,1679,1826.269,2701876.379,1172205.82,676.37900000019,705.8200000000652
 705_ 708,1680,1831.322,2701904.586,1172207.594,704.5860000001267,707.594000000041
 733_ 707,1681,1833.428,2701933.255,1172207.17,733.2549999998882,707.1699999999255
 762_ 708,1682,1835.755,2701961.712,1172207.87,761.7119999998249,707.8700000001118
 790_ 708,1683,1837.368,2701990.401,1172208.32,790.4010000000708,708.3200000000652
 819_ 709,1684,1839.525,2702019.346,1172208.991,819.3459999999031,708.9909999999218
 848_ 709,1685,1840.578,2702047.651,1172209.283,847.6510000000708,709.283000000054
 634_ 680,1688,1803.95,2701833.641,1172179.656,633.6409999998286,679.655999999959
 663_ 683,1689,1815.154,2701863.121,1172182.517,663.12099999981,682.5169999999925
 692_ 683,1690,1819.536,2701891.739,1172182.905,691.7390000000596,682.9050000000279
 720_ 684,1691,1823.457,2701919.942,1172183.632,719.9419999998063,683.6319999999832
 748_ 684,1692,1827.014,2701948.085,1172184.144,748.0849999999627,684.1440000000875
 776_ 685,1693,1829.731,2701976.466,1172185.208,776.4660000000149,685.2080000001006
 805_ 686,1694,1831.979,2702005.336,1172185.549,805.3360000001267,685.5490000001155
 833_ 686,1695,1833.704,2702033.228,1172185.982,833.2280000001192,685.9820000000764
 592_ 658,1696,1776.278,2701791.955,1172157.594,591.9550000000745,657.594000000041
 620_ 658,1697,1787.372,2701820.177,1172158.326,620.1770000001416,658.3259999998845
 650_ 658,1698,1802.753,2701849.685,1172158.271,649.6850000000559,658.2709999999497
 679_ 660,1699,1811.629,2701879.266,1172159.955,679.2659999998286,659.9550000000745
 707_ 659,1700,1818.11,2701906.522,1172159.329,706.5219999998808,659.3289999999106
 734_ 660,1701,1817.998,2701934.282,1172159.678,734.2820000001229,659.6780000000726
 764_ 662,1702,1820.455,2701963.554,1172161.991,763.5540000000037,661.9909999999218
 792_ 659,1703,1818.167,2701992.058,1172159.185,792.0580000001937,659.1850000000559
 819_ 662,1704,1818.606,2702019.321,1172162.153,819.3209999999963,662.152999999933
 578_ 634,1705,1764.13,2701778.155,1172133.659,578.1549999997951,633.6589999999851
 607_ 633,1706,1771.629,2701807.242,1172133.45,607.2420000000857,633.4499999999534
 635_ 633,1707,1783.091,2701835.089,1172133.456,635.0890000001527,633.4560000000056
 664_ 635,1708,1796.982,2701863.676,1172134.813,663.6759999999776,634.813000000082
 691_ 635,1709,1803.196,2701891.189,1172134.541,691.1889999997802,634.5409999999683
 721_ 636,1710,1812.75,2701920.753,1172136.15,720.7530000000261,636.1499999999069
 748_ 635,1711,1817.859,2701948.164,1172135.38,748.1639999998733,635.3799999998882
 777_ 637,1712,1816.081,2701977.165,1172136.557,777.1650000000373,636.5570000000298
 806_ 637,1713,1812.497,2702005.632,1172136.553,805.6320000002161,636.5530000000726
 564_ 609,1714,1756.65,2701764.12,1172108.815,564.1200000001118,608.8149999999441
 593_ 610,1715,1763.931,2701793.087,1172110.065,593.0869999998249,610.0649999999441
 620_ 609,1716,1771.716,2701820.399,1172108.936,620.3990000002086,608.935999999987
 650_ 611,1717,1776.825,2701849.595,1172110.758,649.5950000002049,610.7579999999143
 678_ 611,1718,1786.598,2701877.579,1172111.452,677.5789999999106,611.4520000000484
 708_ 611,1719,1795.356,2701907.851,1172111.421,707.8509999997914,611.4210000000894
 735_ 613,1720,1803.419,2701934.943,1172112.964,734.9429999999702,612.9639999999199
 764_ 612,1721,1809.815,2701964.055,1172112.399,764.0550000001676,612.3989999999758
 792_ 615,1722,1812.288,2701991.946,1172114.54,791.9459999999963,614.5400000000373
 550_ 585,1723,1745.372,2701749.946,1172085.339,549.9459999999963,585.3389999999199
 578_ 586,1724,1754.946,2701778.467,1172085.653,578.4670000001788,585.652999999933
 607_ 587,1725,1761.315,2701806.901,1172086.58,606.9010000000708,586.5800000000745
 636_ 587,1726,1767.939,2701836.093,1172086.708,636.0929999998771,586.7080000001006
 665_ 589,1727,1771.267,2701864.698,1172088.877,664.6979999998584,588.877000000095
 692_ 588,1728,1778.574,2701891.966,1172087.627,691.9660000000149,587.627000000095
 721_ 588,1729,1784.431,2701921.455,1172087.768,721.4550000000745,587.7679999999236
 750_ 589,1730,1790.622,2701950.04,1172088.513,750.0400000000373,588.5130000000354
 779_ 589,1731,1795.464,2701978.566,1172089.384,778.566000000108,589.3840000000782
 536_ 560,1732,1728.304,2701735.523,1172060.075,535.5230000000447,560.0749999999534
 566_ 561,1733,1744.268,2701766.146,1172060.812,566.1460000001825,560.811999999918
 593_ 562,1734,1752.102,2701793.49,1172061.697,593.4900000002235,561.6969999999274
 623_ 563,1735,1756.749,2701823.198,1172062.518,623.1979999998584,562.5179999999236
 651_ 563,1736,1760.012,2701851.385,1172062.766,651.3849999997765,562.7660000000615
 680_ 564,1737,1762.734,2701880.125,1172063.505,680.125,563.5049999998882
 708_ 563,1738,1770.064,2701907.97,1172063.367,707.9700000002049,563.3670000000857
 735_ 562,1739,1775.438,2701934.781,1172062.397,734.780999999959,562.3970000001136
 765_ 566,1740,1780.699,2701965.338,1172065.556,765.3379999999888,565.5560000000987
 522_ 537,1741,1711.572,2701721.911,1172037.206,521.9109999998473,537.2060000000056
 553_ 537,1742,1727.916,2701752.897,1172037.136,552.8969999998808,537.1359999999404
 579_ 538,1743,1739.704,2701779.412,1172037.808,579.4120000000112,537.8079999999609
 610_ 538,1744,1749.891,2701809.555,1172038.171,609.5550000001676,538.1710000000894
 635_ 539,1745,1753.904,2701834.806,1172039.108,634.8059999998659,539.1080000000075
 666_ 538,1746,1753.702,2701866.335,1172038.496,666.3349999999627,538.4960000000428
 694_ 539,1747,1753.834,2701894.217,1172039.476,694.2170000001788,539.4760000000242
 721_ 540,1748,1761.084,2701920.863,1172039.637,720.8629999998957,539.6370000001043
 750_ 542,1749,1768.102,2701949.636,1172041.931,749.6359999999404,541.9310000000987
 508_ 513,1750,1690.745,2701707.702,1172013.3,507.70200000004843,513.3000000000466
 538_ 517,1751,1711.473,2701738.173,1172016.537,538.1729999999516,516.5370000000112
 565_ 515,1752,1722.613,2701765.131,1172015.334,565.1310000000522,515.3340000000317
 595_ 516,1753,1735.394,2701795.48,1172016.111,595.4799999999814,516.1110000000335
 621_ 517,1754,1746.709,2701821.323,1172016.726,621.3229999998584,516.7260000000242
 652_ 517,1755,1748.5,2701852.284,1172017.358,652.2839999999851,517.3580000000075
 681_ 516,1756,1747.819,2701880.795,1172016.414,680.7949999999255,516.4140000001062
 707_ 517,1757,1743.065,2701906.884,1172017.035,706.8840000000782,517.0349999999162
 738_ 519,1758,1752.259,2701937.924,1172018.662,737.9240000001155,518.6620000000112
 523_ 491,1760,1693.068,2701723.334,1171990.769,523.3339999997988,490.76900000008754
 552_ 489,1761,1706.443,2701751.698,1171989.163,551.6979999998584,489.16299999994226
 581_ 491,1762,1716.734,2701781.318,1171990.911,581.3179999999702,490.9110000000801
 608_ 490,1763,1726.062,2701807.694,1171990.046,607.6940000001341,490.0460000000894
 638_ 490,1764,1737.167,2701838.388,1171990.375,638.3879999998026,490.375
 666_ 492,1765,1741.688,2701865.543,1171992.16,665.5430000000633,492.1599999999162
 695_ 492,1766,1740.125,2701895.407,1171991.6,695.4070000001229,491.60000000009313
 723_ 493,1767,1732.849,2701922.673,1171992.785,722.6729999999516,492.7849999999162
 480_ 464,1768,1661.555,2701679.52,1171964.234,479.5200000000186,464.23399999993853
 509_ 465,1769,1676.29,2701709.221,1171965.114,509.22099999990314,465.1140000000596
 537_ 465,1770,1691.69,2701736.965,1171965.302,536.964999999851,465.30199999990873
 566_ 465,1771,1703.22,2701766.21,1171965.243,566.2099999999627,465.24300000001676
 594_ 466,1772,1711.408,2701793.741,1171966.244,593.7409999999218,466.24399999994785
 624_ 466,1773,1720.851,2701823.687,1171965.561,623.686999999918,465.56099999998696
 651_ 469,1774,1729.492,2701851.057,1171968.719,651.0570000000298,468.719000000041
 681_ 468,1775,1731.63,2701881.382,1171967.557,681.3820000002161,467.5570000000298
 709_ 468,1776,1729.621,2701908.527,1171967.579,708.526999999769,467.5789999999106
 463_ 439,1777,1643.226,2701663.374,1171938.893,463.3739999998361,438.89299999992363
 495_ 440,1778,1658.946,2701694.688,1171939.501,494.68800000008196,439.5009999999311
 524_ 442,1779,1676.372,2701724.108,1171942.454,524.1080000000075,442.4539999999106
 553_ 441,1780,1690.913,2701753.429,1171940.644,553.4290000000037,440.64400000008754
 581_ 442,1781,1700.26,2701780.975,1171942.069,580.9750000000931,442.0689999999013
 610_ 443,1782,1705.865,2701810.307,1171942.572,610.3070000000298,442.57199999992736
 639_ 444,1783,1716.293,2701839.091,1171943.94,639.0910000000149,443.9399999999441
 666_ 444,1784,1721.262,2701866.47,1171943.872,666.4700000002049,443.8719999999739
 696_ 444,1785,1725.628,2701895.815,1171944.377,695.8149999999441,444.377000000095
 452_ 416,1786,1629.909,2701652.359,1171915.841,452.35900000017136,415.8410000000149
 481_ 416,1787,1645.19,2701680.726,1171916.046,480.7259999997914,416.0460000000894
 510_ 417,1788,1658.833,2701709.713,1171917.083,509.7129999999888,417.0830000001006
 540_ 420,1789,1675.426,2701739.522,1171919.579,539.5219999998808,419.5789999999106
 568_ 418,1790,1688.127,2701768.455,1171917.6,568.4550000000745,417.60000000009313
 595_ 416,1791,1694.524,2701794.822,1171916.37,594.8220000001602,416.37000000011176
 624_ 421,1792,1701.155,2701824.109,1171920.517,624.1090000001714,420.51699999999255
 654_ 419,1793,1706.029,2701853.507,1171919.372,653.5070000002161,419.3719999999739
 681_ 420,1794,1712.638,2701881.095,1171919.745,681.0950000002049,419.74500000011176
 439_ 393,1795,1615.953,2701639.219,1171893.039,439.219000000041,393.03900000010617
 467_ 392,1796,1629.603,2701666.74,1171891.801,466.7400000002235,391.80099999997765
 496_ 392,1797,1644.18,2701695.598,1171891.585,495.59800000023097,391.58499999996275
 524_ 391,1798,1658.794,2701724.275,1171890.626,524.2749999999069,390.6259999999311
 554_ 394,1799,1671.415,2701754.318,1171894.004,554.3179999999702,394.00399999995716
 582_ 395,1800,1680.513,2701781.558,1171895.301,581.5580000001937,395.30099999997765
 610_ 395,1801,1686.001,2701810.005,1171894.676,610.0049999998882,394.67599999997765
 638_ 397,1802,1692.473,2701838.447,1171897.085,638.4470000001602,397.08499999996275
 669_ 397,1803,1700.427,2701868.763,1171897.221,668.7629999998026,397.22099999990314
 425_ 368,1804,1600.448,2701625.331,1171868.044,425.33099999977276,368.0439999999944
 452_ 366,1805,1612.796,2701651.688,1171865.738,451.68800000008196,365.7379999998957
 482_ 369,1806,1627.1,2701681.523,1171868.787,481.5230000000447,368.7870000000112
 509_ 368,1807,1642.257,2701709.136,1171868.461,509.1359999999404,368.46099999989383
 538_ 371,1808,1658.893,2701738.208,1171870.741,538.2080000001006,370.74099999992177
 597_ 372,1810,1671.186,2701797.14,1171871.532,597.1400000001304,371.5319999998901
 624_ 372,1811,1679.903,2701824.349,1171872.394,624.3489999999292,372.39400000008754
 653_ 373,1812,1683.361,2701853.005,1171872.912,653.0049999998882,372.9120000000112
 411_ 345,1813,1585.348,2701611.127,1171845.205,411.12699999986216,345.2050000000745
 440_ 345,1814,1600.722,2701640.203,1171844.624,440.20300000021234,344.6240000000689
 469_ 345,1815,1610.515,2701668.611,1171844.884,468.6110000000335,344.88400000007823
 496_ 345,1816,1625.686,2701696.184,1171844.875,496.18399999989197,344.875
 525_ 345,1817,1640.453,2701725.109,1171844.753,525.1090000001714,344.7530000000261
 552_ 346,1818,1649.861,2701751.61,1171846.133,551.6099999998696,346.1329999999143
 610_ 348,1820,1666.024,2701810.237,1171847.989,610.2370000001974,347.9890000000596
 640_ 349,1821,1672.885,2701840.368,1171849.466,640.3679999997839,349.4660000000149
 396_ 318,1822,1567.962,2701596.296,1171818.017,396.2960000000894,318.01699999999255
 427_ 319,1823,1586.536,2701626.603,1171818.67,426.6030000001192,318.6699999999255
 454_ 320,1824,1596.034,2701653.848,1171819.832,453.84800000023097,319.83199999993667
 483_ 322,1825,1609.035,2701682.515,1171821.5,482.5150000001304,321.5
 513_ 322,1826,1624.79,2701712.909,1171822.116,512.9089999999851,322.11599999992177
 541_ 322,1827,1640.951,2701741.47,1171821.92,541.4700000002049,321.9199999999255
 568_ 323,1828,1640.875,2701768.356,1171823.228,568.3560000001453,323.2279999998864
 597_ 323,1829,1651.579,2701796.737,1171822.804,596.7370000001974,322.8040000000037
 626_ 324,1830,1657.373,2701825.514,1171823.533,625.5139999999665,323.533000000054
 383_ 293,1831,1555.568,2701583.055,1171793.493,383.05500000016764,293.49300000001676
 412_ 295,1832,1571.702,2701611.873,1171794.952,411.87300000013784,294.95200000004843
 441_ 296,1833,1584.987,2701641.215,1171795.712,441.214999999851,295.71200000005774
 469_ 297,1834,1594.916,2701669.325,1171797.235,469.32500000018626,297.23500000010245
 498_ 297,1835,1608.803,2701697.922,1171797.21,497.92199999978766,297.20999999996275
 555_ 298,1837,1634.843,2701755.139,1171797.735,555.1389999999665,297.73500000010245
 583_ 298,1838,1636.876,2701783.339,1171798.412,583.3390000001527,298.4120000000112
 611_ 298,1839,1642.545,2701811.295,1171798.39,611.2949999999255,298.38999999989755
 425_ 272,1840,1573.745,2701625.342,1171771.879,425.3420000001788,271.87899999995716
 455_ 271,1841,1581.966,2701655.364,1171771.191,455.3640000000596,271.19100000010803
 569_ 274,1845,1630.457,2701769.051,1171774.148,569.0509999999776,274.1480000000447
 599_ 275,1846,1632.489,2701798.709,1171775.358,598.7089999997988,275.35800000000745
 412_ 248,1847,1560.51,2701612.104,1171747.951,412.10399999981746,247.95099999988452
 440_ 246,1848,1566.835,2701640.088,1171745.945,440.0879999999888,245.9450000000652
 470_ 250,1849,1580.506,2701669.5,1171749.557,469.5,249.5570000000298
 500_ 250,1850,1593.695,2701700.045,1171750.053,500.0449999999255,250.05300000007264
 557_ 251,1852,1621.687,2701757.033,1171750.63,557.0329999998212,250.62999999988824
 585_ 250,1853,1628.649,2701784.744,1171750.406,584.7439999999478,250.40599999995902
 455_ 224,1854,1569.448,2701655.296,1171723.83,455.2960000000894,223.8300000000745
 511_ 229,1856,1593.08,2701711.284,1171728.822,511.2839999999851,228.82199999992736
 543_ 226,1857,1603.706,2701742.543,1171726.099,542.5430000000633,226.09899999992922
 570_ 228,1858,1615.095,2701769.798,1171727.885,569.7979999999516,227.8850000000093
 443_ 200,1859,1555.778,2701642.657,1171699.784,442.65700000012293,199.7839999999851
 472_ 200,1860,1567.048,2701672.271,1171700.032,472.27100000018254,200.0319999998901
 529_ 202,1862,1588.017,2701728.581,1171702.471,528.5809999997728,202.47099999990314
 557_ 203,1863,1595.799,2701756.723,1171703.102,556.723000000231,203.1019999999553
 485_ 176,1864,1563.045,2701684.84,1171676.356,484.839999999851,176.35599999991246
 513_ 180,1865,1572.322,2701713.391,1171679.905,513.3909999998286,179.90500000002794
 540_ 179,1866,1578.832,2701739.913,1171679.489,539.9130000001751,179.4890000000596
 472_ 153,1867,1555.47,2701671.746,1171653.121,471.74599999981,153.12100000004284
 501_ 154,1868,1561.122,2701701.14,1171654.476,501.1400000001304,154.47600000002421
 529_ 151,1869,1562.283,2701728.891,1171651.246,528.8909999998286,151.24600000004284
1605_1438,1872,2289.725,2702804.662,1172938.142,1604.6620000000112,1438.1419999999925
1661_1438,1873,2289.977,2702860.795,1172938.323,1660.7949999999255,1438.3230000000913
1717_1438,1874,2283.954,2702916.717,1172938.117,1716.7170000001788,1438.1170000000857
1772_1438,1875,2277.262,2702971.988,1172938.176,1771.9879999998957,1438.1759999999776
1829_1438,1876,2265.61,2703028.76,1172938.283,1828.7599999997765,1438.283000000054
1885_1438,1877,2253.266,2703084.816,1172938.403,1884.816000000108,1438.402999999933
